{"cameraMode":{"drawMode":0,"name":"Shaded","section":"Shading Mode"},"sceneLighting":false,"audioPlay":false,"sceneViewState":{"m_AlwaysRefresh":false,"showFog":true,"showSkybox":false,"showFlares":true,"showImageEffects":true,"showParticleSystems":true,"showVisualEffectGraphs":true,"m_FxEnabled":true},"in2DMode":false,"pivot":{"x":1.343677043914795,"y":2.235295295715332,"z":-11.499059677124024},"rotation":{"x":-0.00010812879918375984,"y":-0.9901870489120483,"z":0.13985030353069306,"w":-0.0006992120179347694},"size":2.8867430686950685,"orthographic":false}