{"cameraMode":{"drawMode":0,"name":"Shaded","section":"Shading Mode"},"sceneLighting":false,"audioPlay":false,"sceneViewState":{"m_AlwaysRefresh":false,"showFog":true,"showSkybox":false,"showFlares":true,"showImageEffects":true,"showParticleSystems":true,"showVisualEffectGraphs":true,"m_FxEnabled":true},"in2DMode":false,"pivot":{"x":1.7028701305389405,"y":0.3483722507953644,"z":-0.9212890863418579},"rotation":{"x":-0.11006294935941696,"y":-0.020461134612560273,"z":0.0022639324888587,"w":-0.9937203526496887},"size":1.8268442153930665,"orthographic":false}